{
  "memoria_tecnica": {
    "metricas": {
      "recursos": {
        "ultima_atualizacao": "2025-05-21T18:18:34.008103",
        "valores": {
          "cpu": 4.953571428571428,
          "memoria": 26.8,
          "disco": 33.4,
          "equidade": 1.0
        }
      }
    }
  }
}