{
  "memoria_tecnica": {
    "metricas": {
      "recursos": {
        "ultima_atualizacao": "2025-05-21T18:13:32.489830",
        "valores": {
          "cpu": 12.042857142857143,
          "memoria": 27.0,
          "disco": 33.4,
          "equidade": 1.0
        }
      }
    }
  }
}